{
    "0": "!",
    "1": ",",
    "2": "-",
    "3": "A",
    "4": "B",
    "5": "C",
    "6": "D",
    "7": "E",
    "8": "F",
    "9": "G",
    "10": "H",
    "11": "I",
    "12": "J",
    "13": "K",
    "14": "L",
    "15": "M",
    "16": "N",
    "17": "O",
    "18": "P",
    "19": "Q",
    "20": "R",
    "21": "S",
    "22": "T",
    "23": "U",
    "24": "V",
    "25": "W",
    "26": "X",
    "27": "Y",
    "28": "Z",
    "29": "a",
    "30": "b",
    "31": "c",
    "32": ":",
    "33": "d",
    "34": ".",
    "35": "e",
    "36": "f",
    "37": "g",
    "38": "h",
    "39": "i",
    "40": "j",
    "41": "k",
    "42": "l",
    "43": "m",
    "44": "n",
    "45": "o",
    "46": "p",
    "47": "q",
    "48": "?",
    "49": "r",
    "50": "s",
    "51": "t",
    "52": "u",
    "53": "v",
    "54": "w",
    "55": "x",
    "56": "y",
    "57": "z"
}